{"cameraMode":{"drawMode":0,"name":"Shaded","section":"Shading Mode"},"sceneLighting":true,"audioPlay":false,"sceneViewState":{"m_AlwaysRefresh":false,"showFog":true,"showSkybox":true,"showFlares":true,"showImageEffects":true,"showParticleSystems":true,"showVisualEffectGraphs":true,"m_FxEnabled":true},"in2DMode":false,"pivot":{"x":27.494123458862306,"y":10.236894607543946,"z":-27.797748565673829},"rotation":{"x":-0.05246248468756676,"y":0.894986629486084,"z":-0.4293757379055023,"w":-0.10953477025032044},"size":10.750089645385743,"orthographic":false}